Título,Descripción,URL
Les voitures électriques vont être taxées pour compenser les pertes liées aux carburants,Une mesure qui était clairement prévisible à propos des voitures électriques...,https://www.presse-citron.net/taxe-voiture-electrique-carburant/
Kassettspelaren gör comeback,"Med Bluetooth och USB-C






Häromdagen skrev vi om ett par svenska hörlurar med en härlig retro-design – men vad är ett par retro-hörlurar utan en källa som har samma retrokänsla? Det fixar denna kassettspelare från We Are Rewind, som utöver kassettbands-up…",https://feber.se/pryl/kassettspelaren-gor-comeback/460372/
"2023 fue el año de la adopción institucional de bitcoin, señala Goldman Sachs","Este año el mercado de criptomonedas experimentó un crecimiento en servicios derivados regulados y autorizados centralmente.
Leer más",https://www.criptonoticias.com/comunidad/adopcion/2023-adopcion-institucional-bitcoin-goldman-sachs/
Europese Commissie onderzoekt Twitter/X op schending DSA,"De Europese Commissie start een onderzoek naar X, voormalig Twitter, vanwege vermeende schending van de Digital Services Act.",https://www.emerce.nl/nieuws/europese-commissie-onderzoekt-twitterx-schending-dsa
Hiss rasade flera våningar på byggarbetsplats,"▸ Vid en byggarbetsplats på Hisingen har en personhiss rasat flera våningar, skriver Göteborgs-Posten.",https://www.aftonbladet.se/nyheter/a/Rr77qd/aftonbladet-direkt?pinnedEntry=1197823
Elon Musk Net Worth 2024: Top Billionaire Set To Scorch The Wealth Charts,"As of Dec. 18, 2023, the net worth of Elon Musk is estimated to be $254.9 billion. And it could scale new heights in 2024.",https://www.ibtimes.com/elon-musk-net-worth-2024-top-billionaire-set-scorch-wealth-charts-3720870
Return-to-office mandates made these employees quit instead,"In a letter to employees, Grindr said it assigned each department one of five hubs and that workers should return to their department’s designated office. Despite the mass exodus, the company told The Washington Post that it plans to forge ahead with its poli…",https://biztoc.com/x/b48e090bcc84ffc1
Key Tesla rival gets $2.2 billion investment,Get Free Report shares were surging in premarket trading Monday after the electric-vehicle maker said it had received a $2.2 billion investment from the Abu Dhabi investor CYVN. Nio shares were climbing 8.5% to $8.66 at last check. The deal follows CYVN’s mor…,https://biztoc.com/x/3ead6f2018f5a504
Region Stockholm krävs på miljoner,"▸ Region Stockholms utbyggnad av tvärbanan gjordes genom otillåten upphandling, skriver Konkurrensverket.",https://www.aftonbladet.se/nyheter/a/Rr77qd/aftonbladet-direkt?pinnedEntry=1197822
Nio signs investment deal with Abu Dhabi’s CYVN Holdings,Nio signs investment deal with Abu Dhabi’s CYVN Holdings,https://www.investing.com/news/stock-market-news/nio-signs-investment-deal-with-abu-dhabis-cyvn-holdings-432SI-3259056
[Removed],[Removed],https://removed.com
Nu finns tvättmaskin och robotdammsugare i ett,"Äntligen?






Nu är drömmaskinen här. Midea blir det första företaget som kombinerar en robotdammsugare med en tvättmaskin. Washbot, som den heter, är framtagen för att spara utrymme i hemmet, och den smarta designen innebär att man endast behöver en anslut…",https://feber.se/pryl/nu-finns-tvattmaskin-och-robotdammsugare-i-ett/460363/
Se ven como tú: Inteligencia Artificial ya está creando clones,"Nuestro presente es el futuro del pasado”, así lo plantea la teoría de la relatividad de Einstein, y también lo ilustra el clásico del cine ‘Volver al futuro’, película que imaginaba cómo podría ser el futuro (nuestra actualidad).",https://www.eluniversal.com.co/tecnologia/se-ven-como-tu-inteligencia-artificial-ya-esta-creando-clones-XX9653033
"Rudy Giuliani Can Write Off $148M Verdict, Plaintiffs Pay Tax On 100%","If Giuliani ever pays the verdict or a settlement, he can probably deduct the payments on his taxes, but the plaintiffs will have to pay taxes on whatever they collect.",https://www.forbes.com/sites/robertwood/2023/12/18/rudy-giuliani-can-write-off-148m-verdict-plaintiffs-pay-tax-on-100/
Rudy Giuliani Can Write Off $148 Million Verdict While Plaintiffs Pay Tax On 100%,"If Giuliani ever pays the verdict or a settlement, he can probably deduct the payments on his taxes. But the plaintiffs will have to pay taxes on whatever money they collect.",https://www.forbes.com/sites/robertwood/2023/12/18/rudy-giuliani-can-write-off-148-million-verdict-while-plaintiffs-pay-tax-on-100/
4 Ways To Start Investing in Electric Vehicles,"Electric vehicles are all the rage, and for good reason. They are a great way to reduce your dependency on fossil fuels, and it's also lovely driving around without caring about the price of gas, isn't it? As more of us look for ways to align our investments …",https://wealthofgeeks.com/4-ways-to-start-investing-in-electric-vehicles/
Первый электромобиль Xiaomi сняли без камуфляжа,"В сеть слили новые снимки Xiaomi SU7, сделанные во время официальной фотосессии. Китайский седан показан на них со всех сторон.
Китайские источники публикуют новые кадры с первым автомобилем Xiaomi. Речь идет о модели Xiaomi SU7, которую сравнивают с Porsche …",https://hi-tech.mail.ru/news/104948-pervyj-elektromobil-xiaomi-snyali-bez-kamuflyazha/
Will Mega-Cap Stocks Tesla and Meta Be Trillion-Dollar Companies Again in 2024?,"Both Tesla and Meta are former trillion-dollar companies - and while they have rebounded sharply in 2023, their market caps are still below $1 trillion. However, both stand a good chance of rejoining the trillion-dollar club in 2024.#tesla #meta",https://biztoc.com/x/a0da0886fcf294d6
Este Tesla Model S es ya una leyenda: al borde de los 2 millones de kilómetros con 4 baterías y 14 motores,"Casi dos años han pasado desde que hablamos en Diariomotor de este mismo vehículo y de su propietario. En aquel momento había alcanzado los 1,5 millones de kilómetros. Y ahora ya casi está en los 2 millones de kilómetros. Este alemán ya jubilado sigue viajand…",https://www.diariomotor.com/electricos/este-tesla-model-s-es-ya-una-leyenda-al-borde-de-los-2-millones-de-kilometros-con-4-baterias-y-14-motores/
Vatikanen säger ja till samkönade partnerskap,"Katolska kyrkan blir lite mer modern






Vatikanen beslutade idag att man kommer att kunna välsigna samkönade äktenskap, något som även påve Franciskus ställer sig bakom. 

Att katolska kyrkan nu välsignar samkönade partnerskap innebär en enorm och grundläg…",https://feber.se/samhalle/vatikanen-sager-ja-till-samkonade-partnerskap/460377/
Top stocks to watch right now,"With the holiday season set to start in earnest in less than a week and a brand new year just … Continued
The post Top stocks to watch right now appeared first on Finbold.",https://finbold.com/top-stocks-to-watch-right-now/
Tesla met à jour 2 millions de voitures pour rendre son Autopilot plus sécurisé,"Suite à l’enquête de la NHSA, Tesla déploie actuellement une mise à jour massive pour 2 millions de ses voitures. Toutes les nouveautés se concentrent sur l’objectif d’améliorer l’Autopilot et sa sécurité, via de nouvelles alertes visuelles et meilleure ergon…",https://www.phonandroid.com/tesla-met-a-jour-2-millions-de-voitures-pour-rendre-son-autopilot-plus-securise.html
Jimmie Åkesson håller tal på arabiska,"Som är AI-genererat










AI har ju kunnat översätta text ett tag nu, och även skapa bilder. På senare tid har AI blivit bättre på ljud och video och tjänster finns nu för att inte bara översätta tal utan också göra om en video så att det ser ut som att p…",https://feber.se/samhalle/jimmie-akesson-haller-tal-pa-arabiska/460375/
Vatikanen välsignar samkönade partnerskap,"▸ Vatikanen godkänner välsignelse av samkönade äktenskap, med förbehållet att välsignelsen inte får genomföras vid ett…",https://www.aftonbladet.se/nyheter/a/Rr77qd/aftonbladet-direkt?pinnedEntry=1197819
Tesla rival Nio secures $2.2bn investment from Abu Dhabi fund - Financial Times,Tesla rival Nio secures $2.2bn investment from Abu Dhabi fundFinancial Times Nio stock jumps as Abu Dhabi investor to pour in $2.2 billionMarketWatch NIO Stock Jumps After Chinese EV Maker Lands $2.2 Billion Cash InfusionThe Wall Street Journal NIO Inc. Annou…,https://slashdot.org/firehose.pl?op=view&amp;id=172517255
Top 3 Reasons NOT to Buy Tesla Stock,,https://consent.yahoo.com/v2/collectConsent?sessionId=1_cc-session_a210d26e-cfbc-41c4-b04a-81ffc4cbe569
Foxconn makes most of the world’s iPhones. Now CEO Young Liu wants to make EVs,"It’s become a cliche in the auto industry that modern vehicles are “iPhones on wheels.” Cars and SUVs are packed with computer chips, sophisticated sensors, touchscreens and data connections.",https://www.cnn.com/2023/12/18/business/young-liu-risk-taker/index.html
Richest tech billionaires in the world,"The eccentric South African-born innovator and businessman that tops the list has seen his fortune surge in 2023, but so have the world’s other richest tech billionaires.",https://mybroadband.co.za/news/business/519791-richest-tech-billionaires-in-the-world.html
Hay una nueva batería LFP para coche eléctrico que promete lo imposible: recargas de combustión y precio bajo,"Son más resistentes y baratas. Pero también cuentan con menor densidad energética y unos tiempos de carga más largos. Al menos, hasta ahora. Las baterías LFP cuentan con algunos atractivos interesantes, especialmente para quienes buscan coches eléctricos más …",https://www.xataka.com/movilidad/hay-nueva-bateria-lfp-para-coche-electrico-que-promete-imposible-recargas-combustion-precio
BAFA-Förderende: Das Ende der Elektroauto-Förderung? Eine hirnlose Vollbremsung!,"Die Förderung für Elektroautos wird sofort gestoppt, die Subvention für Pkw-Diesel geht weiter – so stürzt die Bundesregierung den Automarkt ins Chaos, torpediert ihre Klimaziele und fördert Bürgerfrust",https://www.capital.de/wirtschaft-politik/das-ende-der-elektroauto-foerderung--eine-hirnlose-vollbremsung--34297458.html
Top 10 Technology Posts of 2023,Design Milk revisits the top 10 posts of 2023 highlighting the most memorable moments where great design and smart technologies intersect.,https://design-milk.com/top-10-technology-posts-of-2023/
Myndigheter måste bli bättre på att dela data,"Slår utredning fast





Den här artikeln har något inbäddat i sig, troligen ett videoklipp.
Se klippet.



Idag lämnades en utredning till regeringen där man tittat på ""offentliga förvaltningen ska kunna samverka bättre genom att dela data på ett effektivt o…",https://feber.se/samhalle/myndigheter-maste-bli-battre-pa-att-dela-data/460362/
"Здравствуй, робот бипедальный: Tesla показала андроида Optimus Gen 2","Tesla представила Optimus Gen 2 — новое поколение гуманоидного робота бипедального типа, который может быстро ходить, танцевать и проводить манипуляции с разными объектами. Производитель сообщил о том, что новинка вскоре сможет заменить человека в некоторых в…",https://habr.com/ru/companies/ru_mts/articles/781362/#post-content-body
"Здравствуй, робот бипедальный: Tesla показала андроида Optimus Gen 2","Tesla представила Optimus Gen 2 — новое поколение гуманоидного робота бипедального типа, который может быстро ходить, танцевать и проводить манипуляции с разными объектами. Производитель сообщил о том, что новинка вскоре сможет заменить человека в некоторых в…",https://habr.com/ru/companies/ru_mts/articles/781362/#post-content-body
Bedragare skickar skumma sms till norrlänningar,▸ Polisen i region Nord varnar för telefonbedrägerier som nu ökar inför jul.,https://www.aftonbladet.se/nyheter/a/Rr77qd/aftonbladet-direkt?pinnedEntry=1197818
Easy Park utsatt för cyberattack,"▸ Företaget Easy Park, som tillhandahåller parkeringsplatser och elbilsladdning med betalning via en app, har utsatts för…",https://www.aftonbladet.se/nyheter/a/Rr77qd/aftonbladet-direkt?pinnedEntry=1197817
"Nio Stock Jumps On China EV Maker's Landmark 1,000-Kilometer Drive, Abu Dhabi Investment","announced a new, $2.2 billion investment from Abu Dhabi's CYVN on Monday, a day after the Chinese electric vehicle maker's CEO completed a 1,000-kilometer drive on a single charge. Nio stock jumped before the open. Abu Dhabi government fund CYVN Holdings will…",https://biztoc.com/x/6cbab806a321a2dd
Analiză: În România sunt cu 60% mai multe mașini electrice decât în 2022. Cât de mare este parcul de EV-uri,"Conform unei analize LEKTRI.CO, parcul auto electric a crescut cu peste 15.300 de vehicule nepoluante în primele 11 luni ale anului. Astfel, în luna noiembrie, România a atins pragul de 40.000 de vehicule electrice, ceea ce reprezintă o creștere de aproximati…",https://www.wall-street.ro/articol/Auto/303590/analiza-in-romania-sunt-cu-60-mai-multe-masini-electrice-decat-in-2022-cat-de-mare-este-parcul-de-ev-uri.html
Barclays expects Tesla to deliver solid 4Q delivery results ahead of Street,Barclays expects Tesla to deliver solid 4Q delivery results ahead of Street,https://www.investing.com/news/stock-market-news/barclays-expects-tesla-to-deliver-solid-4q-delivery-results-ahead-of-street-432SI-3259016
"Danmark köper Stridsfordon 90 för 2,7 miljarder","För att skänka dem till Ukraina. 






Idag har försvarsministrarna i Sverige och Danmark undertecknat en gemensam avsiktsförklaring. I den står det att Danmark kommer att lägga 1,8 miljarder danska kronor, ungefär 2,7 miljarder svenska kronor, på att köpa S…",https://feber.se/samhalle/danmark-koper-stridsfordon-90-for-27-miljarder/460371/
Will Santa Rally Us Until The End Of The Year?,"With Christmas just a week away and many people taking time off in the coming weeks, I expect things to gradually slow down as the week progresses.",https://www.forbes.com/sites/jjkinahan/2023/12/18/will-santa-rally-us-until-the-end-of-the-year/
Autobranche entrüstet über abruptes Aus : Opel-Mutter Stellantis zahlt E-Auto-Bonus selbst,Der Autokonzern reagiert umgehend auf den plötzlichen Förderstopp und garantiert Privatkunden den Umweltbonus. Derweil warnt die Branche vor einem „tiefen Vertrauensverlust“ in die Politik.,https://www.tagesspiegel.de/wirtschaft/mobilitaet/autobranche-entrustet-uber-abruptes-aus-der-pramie-opel-mutter-stellantis-zahlt-e-auto-bonus-selbst-10944352.html
What Were They Thinking: The 29 Weirdest Cars Ever Made,"The classic baseball movie Field of Dreams made the line “Build it and they will come” (which is a misquote) a pop culture touchstone. Its idea is simple: follow your dreams to build something. However, more specifically, it means that if people want or need …",https://wealthofgeeks.com/weirdest-cars-ever/
"Recenze filmu Nech svět světem. Civilnější pojetí apokalyptického žánru, jež zkoumá dopad katastrofy na mezilidské vztahy",,https://avmania.zive.cz/recenze-filmu-nech-svet-svetemcivilnejsi-pojeti-apokalyptickeho-zanru-jez-zkouma-dopad-katastrofy-na-mezilidske-vztahy
Tesla rundar skyltblockad,När registreringsskyltarna har fastnat hos Postnord har Tesla i stället massbeställt nya skyltar hos Transportstyrelsen som sedan skickas…,https://www.dn.se/direkt/2023-12-18/tesla-rundar-skyltblockad/
Sex räntesänkningar väntas nästa år,"▸ Sannolikheten för att Riksbankens första räntesänkning kommer redan i mars nästa år är nu uppe på 80 procent, enligt ett…",https://www.aftonbladet.se/nyheter/a/Rr77qd/aftonbladet-direkt?pinnedEntry=1197815
Porsche 912 som väger in under 700 kilo,"Hela karossen är i kolfiber






En Porsche 912 är ingen tung bil, men den kan ju alltid bli lättare. Och lägre vikt ger allt som oftast en roligare bil. Det har customfirman Kamm tagit fasta på och nu presenterar de en ombyggd 912c som fått hela karossen i …",https://feber.se/bil/porsche-912-som-vager-in-under-700-kilo/460357/
Tesla rundar skyltblockad,▸ När registreringsskyltarna har fastnat hos Postnord har Tesla i stället massbeställt nya skyltar hos Transportstyrelsen…,https://www.aftonbladet.se/nyheter/a/Rr77qd/aftonbladet-direkt?pinnedEntry=1197814
Tesla rundar skyltblockad,"När registreringsskyltarna har fastnat hos Postnord har Tesla i stället massbeställt nya skyltar hos Transportstyrelsen som sedan skickas direkt till kunderna, skriver tidningen Arbetsvärlden. – Vi brukar inte se den här typen av beställningar. Det är inte et…",https://www.svd.se/a/JQaB98/tesla-rundar-skyltblockad
TV host John Oliver roasts Elon Musk in the most hilarious way last night on ‘Last Week Tonight’,"In the season finale of Last Week Tonight, John Oliver humorously dissects Elon Musk's eventful year, comparing him to cinematic villains and questioning the public's evolving perception of the billionaire, drawing parallels to historical figures like Henry F…",https://economictimes.indiatimes.com/news/international/us/tv-host-john-oliver-roasts-elon-musk-in-the-most-hilarious-way-last-night-on-last-week-tonight/articleshow/106098700.cms
Scamming investors through apps from official stores | Kaspersky official blog,"Dozens of apps from official stores scam investors by inviting them to sink money into commodities, cryptocurrency, and other imaginary assets.",https://usa.kaspersky.com/blog/online-investment-dangerous-apps/29565/
Trailer för One Punch Man: World,"Mangaserie har blivit spel












Crunchyroll har släppt en trailer för sitt kommande spel One Punch Man: World, ett spel som baseras på den japanska mangaserien ""One-Punch Man"".

Spelet utspelas i Z-City och det går att spela som karaktärer som till exe…",https://feber.se/spel/trailer-for-one-punch-man-world/460349/
Благодаря утечке стали известны цены на запчасти для Cybertruck,"На днях стали известны цены на некоторые детали Tesla Cybertruck из фирменного каталога запчастей – Самые лучшие и интересные автоновости по теме: Cybertruck, Tesla, Автовсячина на развлекательном портале Fishki.net",https://fishki.net/auto/4544897-blagodarja-utechke-stali-izvestny-ceny-na-zapchasti-dlja-cybertruck.html
Scamming investors through apps from official stores | Kaspersky official blog,"Dozens of apps from official stores scam investors by inviting them to sink money into commodities, cryptocurrency, and other imaginary assets.",https://www.kaspersky.com/blog/online-investment-dangerous-apps/50057/
АвтоВАЗ может выпустить семейный автомобиль,"В Госдуме обсуждают вопрос семейного автомобиля с АвтоВАЗом, о чем заявила депутат ГД Татьяна Буцкая. Очень хочется ввести семейный автомобиль. Мы находимся в переговорах с ""АвтоВАЗом"", потому что семейный автомобиль однозначно должен быть отечественным. Тем …",https://www.ixbt.com/news/2023/12/18/avtovaz-mozhet-vypustit-semejnyj-avtomobil.html
Commission investigating X for alleged violations of EU content moderation rules,"The European Commission opened formal infringement proceedings against X, formerly known as Twitter, on Monday (18 December) over alleged breaches of the Digital Services Act.",https://www.euractiv.com/section/platforms/news/commission-investigating-x-for-alleged-violations-of-eu-content-moderation-rules/
"Presidential Poll, Musk's Reactions To FBI Official's Arrest, Shiba Inu's Breakout And Trump's Lemonade Controversy: Top Stories From This Weekend That You…","Last weekend saw a mix of political discourse, social media buzz, and stock market drama. The public sentiment towards a potential presidential rematch between Joe Biden and Donald Trump was explored in a new poll, while Elon Musk responded to various news ev…",https://biztoc.com/x/101e578ecc183fd4
Radio still holds relevance in today's internet age,This classic omnipresent and cheap medium holds high potential if used along with other media to achieve special public ends.,https://www.livemint.com/opinion/online-views/radio-still-holds-relevance-in-todays-internet-age-11702903046533.html
Tesla update 2023.44.30 now rolling out with speed cameras added to navigation,"The Tesla 2023 Holiday Update, 2023.44.30, is now rolling out to its various models. The new software includes navigation improvements, including symbols indicating the position of speed cameras and offering alternative routes. Plus, you can customize the loc…",https://www.notebookcheck.net/Tesla-update-2023-44-30-now-rolling-out-with-speed-cameras-added-to-navigation.784807.0.html
"Tych aut lepiej unikać. Wiadomo już, która marka oferuje najmniej awaryjne samochody","Zgłoszenia od użytkowników, a także dane zebrane podczas testów na torze i wyniki ankiety zadowolenia właściciela — tak powstaje coroczny ranking niezawodności marek samochodów. Tym razem oceniono ponad 330 tys. pojazdów, a wśród nich hybrydy, hybrydy plug-in…",https://www.auto-swiat.pl/wiadomosci/aktualnosci/tych-aut-lepiej-unikac-wiadomo-juz-ktora-marka-oferuje-najmniej-awaryjne-samochody/rcc4cm7
"Auta których marek psują się najrzadziej, a które najczęściej? Jest nowy raport CR","Zgłoszenia od użytkowników, a także dane zebrane podczas testów na torze i wyniki ankiety zadowolenia właściciela — tak powstaje coroczny ranking niezawodności marek samochodów. Tym razem oceniono ponad 330 tys. pojazdów, a wśród nich hybrydy, hybrydy plug-in…",https://www.auto-swiat.pl/wiadomosci/aktualnosci/mamy-nowy-raport-cr-niektorym-markom-bardzo-sie-nie-spodoba/rcc4cm7
Standout Tech Products of 2023,"As 2024 fast approaches, it’s time to name my Product of the Year. Let’s start with the contenders that did not make it to the top of my list, and I’ll conclude with the one product that did. The post Standout Tech Products of 2023 appeared first on TechNewsW…",https://www.technewsworld.com/story/standout-tech-products-of-2023-178853.html
"Carros elétricos: no Brasil, a tecnologia engatinhou. Quando vai decolar?","A popularidade dos carros elétricos aumentou em 2023, especialmente na China. Confira um resumo de como foi o ano dos EVs no Brasil e no mundo
O post Carros elétricos: no Brasil, a tecnologia engatinhou. Quando vai decolar? apareceu primeiro em Olhar Digital.",https://olhardigital.com.br/2023/12/18/carros-e-tecnologia/carros-eletricos-no-brasil-a-tecnologia-engatinhou-quando-vai-decolar/
Viaplay chockhöjer priser,"Upp till 27 procent högre






Viaplay går just nu igenom en sorts kris, kan man minst sagt säga, och nu meddelar de att de ökar priset på sitt mest omfattande paket, Viaplay Total i Sverige. Detta paket, som inkluderar både sport och serier, har sett en pri…",https://feber.se/film/viaplay-chockhojer-priser/460365/
"Peugeot teki kivan perheauton, minkä ostamista on vaikea perustella","Jotkut sähköautomallit kisaavat suorituskyvyllä, toiset hinnalla, kolmannet toimintamatkalla. Peugeot e-308 on ihan kiva, mutta nykytilanteessa sen valttikortit ovat harvassa. Jättimäisen Stellantis-konsernin ytimeen kuuluva Peugeot on viimeisten vuosien aika…",https://www.autotalli.com/artikkeli/koeajo-peugeot-e-308-kiva-sahkoperheauto
[Removed],[Removed],https://removed.com
1 Cathie Wood Stock That Could Make You a Millionaire,"Cathie Wood and her team at Ark Invest are known to invest in some of the most innovative businesses out there. While some think they are too far out there, individual investors can examine their holdings and research each company to decide whether it's for t…",https://biztoc.com/x/636916a3634721bc
Kriminalisering av utförsel av stöldgods på förslag,"På tiden






På listan över saker man redan trodde var olagliga finns troligtvis utförsel av stöldgods med. Men så är det inte, men det kan bli ändring på det i framtiden. På förslag finns nu nämligen kriminalisering av utförsel av stöldgods och idag tog fi…",https://feber.se/samhalle/kriminalisering-av-utforsel-av-stoldgods-pa-forslag/460361/
"Chinese EV giants are planning factories in Mexico, and it's alarming US officials: report","Tesla rival BYD is among the Chinese firms reportedly exploring plans to build a new factory in Mexico. VCG via Getty Images Three major Chinese EV companies are planning new factories in Mexico, per the Financial Times. Tesla rival BYD and fellow giants MG a…",https://biztoc.com/x/b268fe9391cfe741
Tesla показала танец робота Optimus,"Компания Tesla опубликовала видеоролик, демонстрирующий возможности усовершенствованного робота Optimus, которого фирма называет роботом второго поколения. Главным улучшением стала модернизированная кинематика андроида, но «Оптимус» также получил более ловкие…",https://fishki.net/auto/4544888-tesla-pokazala-tanec-robota-optimus.html
"The Electric: As 2024 Nears, Are Next-Gen Battery Companies on the Verge of a Culling?","In the 1920s, more than 700 U.S. manufacturers vied in a brutal competition to sell a new product—electric washing machines. Cheap electricity had reached urban homes, and American households snapped up the labor-saving washers, which quickly became ubiquitou…",https://www.theinformation.com/articles/the-electric-as-2024-nears-are-next-gen-battery-companies-on-the-verge-of-a-culling
"Date prisa o perderás las bonificaciones por comprar un coche eléctrico si está hecho en China (lo que incluye Tesla, Dacia, BYD y MG)","Una de las ayudas existentes para comprar un coche eléctrico podría desaparecer, al menos en parte de Europa. Francia ha sido la primera en iniciar la guerra contra los coches eléctricos fabricados en China, que no contarán con la ayuda de 5.000 euros (hasta …",https://www.diariomotor.com/electricos/bonificaciones-europa-coches-electricos-china-dacia-byd-tesla-mg/
Tesla rival Nio secures $2.2bn investment from Abu Dhabi fund,UAE investment vehicle CYVN takes 20% stake in Chinese group as Beijing’s ties with Middle East groups deepen #cyvn #beijing #middleeast,https://biztoc.com/x/bf6d219fd11b906c
O último Camaro | A Suzuki 400 de quatro cilindros | O Carice TC2 e mais!,"Bom dia, caros leitores! Bem-vindos ao Zero a 300, a nossa rica mistura das principais notícias automotivas do Brasil e de todo o mundo. Assim, você não fica destracionando por aí atrás do que é importante. Gire a chave, aperte o cinto e acelere com a gente! …",https://flatout.com.br/o-ultimo-camaro-a-suzuki-400-de-quatro-cilindros-o-carice-tc2-e-mais/
"Chinese EV giants are planning factories in Mexico, and it's alarming US officials: report","MG, BYD and Chery are all looking at sites to build new factories in the country and 
it's causing angst in Washington, according to the FT.",https://www.businessinsider.com/chinese-ev-companies-byd-mg-plan-factories-mexico-washington-concern-2023-12
Elon Musk's Big Lie About Tesla Is Finally Exposed (Ed Niedermeyer/Rolling Stone),"Ed Niedermeyer / Rolling Stone:
Elon Musk's Big Lie About Tesla Is Finally Exposed  —  More than 2 million of the cars are being recalled — because Tesla's “self-driving” systems have always been anything but  —  BACK IN 2016, Elon Musk claimed that Tesla car…",https://www.memeorandum.com/231218/p5
EU startar utredning av X,"Nya lagar för tekniktjänster prövas






EU har uttryckt misstankar om att sociala medieplattformen X, tidigare känt som Twitter, kan ha brutit mot flera av unionens regler. Bland annat när det kommer till hanteringen av olagligt innehåll och desinformation …",https://feber.se/internet/eu-startar-utredning-av-x/460360/
Elon Musk may take page from Ferrari playbook with Tesla's Cybertruck,The Cybertruck is the most divisive vehicle launch in at least a decade. • Wall Street analysts see limited supply in 2024 and maybe even in 2025. Tesla will probably sell every single Cybertruck it makes in 2024 and 2025. That may not amount to many vehicles…,https://biztoc.com/x/c6bead0c23dbd926
Nissan plănuiește să vândă vehiculele sale electrice dezvoltate în China pe piața mondială,"Nissan Motor a anunţat duminică că va vinde pe plan mondial vehicule electrice dezvoltate în China, după ce a încheiat un acord cu Universitatea Tsinghua pentru a-şi asigura resurse locale.",https://adevarul.ro/economie/nissan-planuieste-sa-vanda-vehiculele-sale-2325097.html
"As Tesla's fight with Sweden escalates, the EV firm is hiring a 'hands-on' Nordic expert with a knack for problem-solving","Tesla CEO Elon Musk is facing difficulties in Sweden. Nathan Howard and Justin Sullivan via Getty Images Tesla is looking for a Nordic expert amid escalating strikes in the region. Tesla seeks someone with a ""record of getting regulatory changes made in the N…",https://biztoc.com/x/d538bfafca0958ac
"As Tesla's fight with Sweden escalates, the EV firm is hiring a 'hands-on' Nordic expert with a knack for problem-solving",Tesla is hiring an expert in legal and government affairs as its problems in the region show no signs of easing up.,https://www.businessinsider.com/tesla-nordic-expert-escalating-sweden-strikes-elon-musk-2023-12
The market is second-guessing its dovish reaction to Powell. This analyst says the Fed could slash rates by as much as 75%.,"The market is worried maybe it's too dovish, but this economist flags the risks the Fed may be very aggressive next year in cutting rates.",https://www.marketwatch.com/story/the-market-is-second-guessing-its-dovish-reaction-to-powell-this-analyst-says-the-fed-could-slash-rates-by-as-much-as-75-7a1f86b8
"Nio Jumps On China EV Maker's Landmark 1,000-Kilometer Drive, Abu Dhabi Investment","announced a new, $2.2 billion investment from Abu Dhabi's CYVN on Monday, a day after the Chinese electric vehicle maker's CEO completed a 1,000-kilometer drive on a single charge. Nio stock jumped before the open. Abu Dhabi government fund CYVN Holdings will…",https://biztoc.com/x/6f9bc4baef50dc92
719: The Emotion Code and the Body Code: Unlocking Your Body’s Healing Power with Dr. Bradley Nelson,"What if I told you that physical symptoms like pain, backache, and even speech delays can be caused by our emotions? It might be hard to believe, but my guest today has shown over and over again that there really is a connection! I’m talking with Dr. Bradley …",https://wellnessmama.com/podcast/719/
Priser på billigare Kia EV9,"Börjar nu på dryga 800.000 kronor






Kia verkar ha en liten succé på gång med sin EV9. Med liten menar jag inom segmentet, för även om bilen är billigare än många konkurrenter så kostar den ändå 869.900 kronor och det är inte skitpengar direkt. 

I en grup…",https://feber.se/bil/priser-pa-billigare-kia-ev9/460359/
Tesla Cybertruck: Kann der etwa schwimmen?,"Ein Nutzer hat einen Modus beim Cybertruck entdeckt, der helfen soll dem feuchten Nass zu trotzen: Der Wade-Mode.",https://www.computerbild.de/videos/cb-News-Connected-Car-Tesla-Cybertruck-Kann-der-etwa-schwimmen-37755705.html
CAP-XX shares plunge as patents declared invalid in infringement trial,"(marketscreener.com) CAP-XX Ltd on Monday responded to a court decision regarding its patent infringement case against Maxwell Technologies Inc. 

Shares in CAP-XX fell 55% to 0.77 pence each in london on Monday morning.

The Sydney-based company, which manuf…",https://www.marketscreener.com/quote/stock/CAP-XX-LIMITED-4006030/news/CAP-XX-shares-plunge-as-patents-declared-invalid-in-infringement-trial-45589344/
Stocks edge higher amid festive cheer,"(marketscreener.com) Stock prices in London were outperforming its European peers at midday Monday, after investors digested some hawkish comments from US Federal Reserve officials.

The FTSE 100 index was up 44.87 points, 0.6%, at 7,621.23. The FTSE 250 was …",https://www.marketscreener.com/quote/currency/EURO-JAPANESE-YEN-EUR-JPY-4592/news/Stocks-edge-higher-amid-festive-cheer-45589343/
Musk aseguró a los banqueros que no perderán dinero en los préstamos para la adquisición de Twitter (en),"Elon Musk, consejero delegado de Tesla y SpaceX, dijo supuestamente a los banqueros, tras obtener un préstamo de 13.000 millones de dólares para financiar la adquisición de Twitter el año pasado, que no perderían dinero con la operación. A pesar de sus garant…",https://www.meneame.net/m/actualidad/musk-aseguro-banqueros-no-perderan-dinero-prestamos-adquisicion
Nissan to sell electric vehicles made in China globally in another sign of automakers responding to Chinese automotive prowess,"Electric vehicles made in China are spreading around the globe. But don’t assume they’re all produced by Chinese carmakers. On Sunday, Japan’s Nissan announced it will sell China-developed EVs around the world. It’s easy to see why, given the lower manufactur…",https://biztoc.com/x/e7a662ede3d47097
Grosse remise de 5 000 euros pour l’une des voitures électriques les plus vendues en France,"Si les voitures électriques de Kia ne sont plus éligibles au bonus écologique, le constructeur a trouvé un moyen de continuer à attirer les clients. Cela passe par une grosse remise de 5 000 euros, uniquement accordée aux acheteurs du Niro EV jusqu'au 31 déce…",https://www.frandroid.com/marques/kia/1890845_grosse-remise-de-5-000-euros-pour-lune-des-voitures-electriques-les-plus-vendues-en-france
"Este SUV tiene 545 litros de maletero, es de un puntero fabricante y más barato que un coche chino del mismo tamaño","Tiene 545 litros del maletero y un tamaño similar, sólo ligeramente superior, al del Renault Austral, que es el SUV híbrido equivalente en la gama de la marca, pero tiene un precio no sólo equiparable a este, sino incluso inferior al del coche eléctrico chino…",https://www.hibridosyelectricos.com/coches/suv-puntero-fabricante-mas-barato-coche-chino-mismo-tamano_72162_102.html
Karma ställer in siktet på McLaren och Ferrari,"Biltillverkaren vill hoppa upp några snäpp






Karma Automotive är det Kina-ägda företaget som köpte upp det som fanns kvar av Fisker Automotive och modellen Fisker Karma. De finns fortfarande kvar trots att under 1000 bilar har sålts de senaste tio åren. F…",https://feber.se/bil/karma-staller-in-siktet-pa-mclaren-och-ferrari/460354/
Следы от пуль: самый ироничный аксессуар для Tesla Cybertruck,"Илону Маску не чужд юмор и самоирония, что и нашло отражение
в списке официальных аксессуаров, предлагаемых Tesla для
свежего CyberTruck.На официальном сайте Tesla присутствует фирменный магазин,...Читать дальше",https://www.ixbt.com/live/car/sledy-ot-pul-samyy-ironichnyy-aksessuar-dlya-tesla-cybertruck.html
Should You Get Auto Insurance From Tesla?,,https://consent.yahoo.com/v2/collectConsent?sessionId=1_cc-session_8bddc412-b2a6-4f0e-a2ec-85dd396a4137
Elon Musk may take a page from Ferrari's playbook with Tesla's Cybertruck,None The Cybertruck is the most divisive vehicle launch in at least a decade. • None Wall Street analysts see limited supply in 2024 and maybe even in 2025. Tesla will probably sell every single Cybertruck it makes in 2024 and 2025. That may not amount to man…,https://biztoc.com/x/da485b382ea0a8ad
Elon Musk's Ex-Girlfriend Grimes Working On AI Toy Named Grok,"There is no connection between Musk's AI startup, Grok, and the toy.",https://www.ndtv.com/world-news/elon-musks-ex-girlfriend-grimes-working-on-ai-toy-named-grok-4696842
"ATREJU NON PORTA BENE A ELON MUSK – L’UNIONE EUROPEA HA AVVIATO UNA PROCEDURA FORMALE DI INFRAZIONE NEI CONFRONTI DI “X”, IL SOCIAL NETWORK DI PROPRIETÀ DEL FONDATORE DI TESLA. L’ACCUSA È SOSPETTA VIOLAZIONE DEGLI OBBLIGHI DI CONTRASTO AI CONTENUTI ILLEGALI E ALLA DISINFORMAZIONE, DEGLI OBBLIGHI DI TRASPARENZA E…","elon musk ad atreju 3 (ANSA) - ""Oggi abbiamo avviato una procedura formale di infrazione nei confronti di X per sospetta violazione degli obblighi di contrasto ai contenuti Illegali e alla disinformazione, sospetta violazione degli obblighi di trasparenza, so…",https://www.dagospia.com/rubrica-29/cronache/atreju-non-porta-bene-elon-musk-ndash-rsquo-unione-europea-ha-avviato-378408.htm
Не Tesla единой. Volvo запустила в Украине обновление прошивки авто «по воздуху»,,https://itc.ua/news/volvo-avto-ota-update-ukraine/
Arlo höjer priser på abonnemang,"Med upp till 20 kronor per månad






Smarta hem-företaget Arlo, som säljer olika övervakningslösningar, har meddelat att de kommer att öka priserna på sina abonnemang Arlo Secure. Höjningen varierar från 10 till 20 kronor i månaden och beror på antalet kame…",https://feber.se/pryl/arlo-hojer-priser-pa-abonnemang/460351/
